Time,Price
2012/3/24,4.7
2012/3/25,4.6
2012/3/26,4.6
2012/3/27,4.8
2012/3/28,4.8
2012/3/29,4.8
2012/3/30,4.9
2012/3/31,4.9
2012/4/1,4.8
2012/4/2,5
2012/4/3,4.9
2012/4/4,4.9
2012/4/5,4.9
2012/4/6,4.9
2012/4/7,4.7
2012/4/8,4.8
2012/4/9,4.9
2012/4/10,4.8
2012/4/11,4.9
2012/4/12,4.9
2012/4/13,4.9
2012/4/14,5
2012/4/15,5
2012/4/16,4.9
2012/4/17,5
2012/4/18,5.1
2012/4/19,5.1
2012/4/20,5.3
2012/4/21,5.3
2012/4/22,5.2
2012/4/23,5
2012/4/24,5.1
2012/4/25,5.1
2012/4/26,5.1
2012/4/27,5.1
2012/4/28,5
2012/4/29,4.9
2012/4/30,4.9
2012/5/1,5
2012/5/2,5.1
2012/5/3,5.1
2012/5/4,5.1
2012/5/5,5.1
2012/5/6,5.1
2012/5/7,5.1
2012/5/8,5.1
2012/5/9,5
2012/5/10,4.8
2012/5/11,5
2012/5/12,4.9
2012/5/13,4.9
2012/5/14,5
2012/5/15,5
2012/5/16,5.1
2012/5/17,5.1
2012/5/18,5.1
2012/5/19,5.1
2012/5/20,5.1
2012/5/21,5.1
2012/5/22,5.1
2012/5/23,5.1
2012/5/24,5.1
2012/5/25,5.2
2012/5/26,5.1
2012/5/27,5.1
2012/5/28,5.1
2012/5/29,5.2
2012/5/30,5.1
2012/5/31,5.2
2012/6/1,5.3
2012/6/2,5.3
2012/6/3,5.2
2012/6/4,5.3
2012/6/5,5.4
2012/6/6,5.5
2012/6/7,5.6
2012/6/8,5.6
2012/6/9,5.6
2012/6/10,5.5
2012/6/11,5.6
2012/6/12,5.7
2012/6/13,5.9
2012/6/14,5.9
2012/6/15,6.5
2012/6/16,6.4
2012/6/17,6.2
2012/6/18,6.3
2012/6/19,6.5
2012/6/20,6.7
2012/6/21,6.7
2012/6/22,6.6
2012/6/23,6.4
2012/6/24,6.3
2012/6/25,6.3
2012/6/26,6.4
2012/6/27,6.7
2012/6/28,6.6
2012/6/29,6.7
2012/6/30,6.7
2012/7/1,6.6
2012/7/2,6.8
2012/7/3,6.4
2012/7/4,6.5
2012/7/5,6.7
2012/7/6,6.7
2012/7/7,6.8
2012/7/8,6.8
2012/7/9,7
2012/7/10,7.2
2012/7/11,7.2
2012/7/12,7.8
2012/7/13,7.7
2012/7/14,7.5
2012/7/15,7.6
2012/7/16,8.5
2012/7/17,8.8
2012/7/18,9.1
2012/7/19,8.9
2012/7/20,8.5
2012/7/21,8.9
2012/7/22,8.4
2012/7/23,8.4
2012/7/24,8.6
2012/7/25,8.8
2012/7/26,8.9
2012/7/27,8.9
2012/7/28,8.9
2012/7/29,8.7
2012/7/30,9.1
2012/7/31,9.4
2012/8/1,9.6
2012/8/2,10.5
2012/8/3,11
2012/8/4,11
2012/8/5,10.9
2012/8/6,10.9
2012/8/7,11.1
2012/8/8,11.1
2012/8/9,11.1
2012/8/10,11.4
2012/8/11,11.5
2012/8/12,11.6
2012/8/13,12
2012/8/14,12.2
2012/8/15,13.3
2012/8/16,13.5
2012/8/17,11.6
2012/8/18,11.6
2012/8/19,8
2012/8/20,10.1
2012/8/21,9.9
2012/8/22,9.8
2012/8/23,10.1
2012/8/24,10.6
2012/8/25,10.5
2012/8/26,10.6
2012/8/27,10.9
2012/8/28,10.9
2012/8/29,10.9
2012/8/30,10.8
2012/8/31,10.2
2012/9/1,10
2012/9/2,10.2
2012/9/3,10.5
2012/9/4,10.4
2012/9/5,11
2012/9/6,11.2
2012/9/7,11
2012/9/8,11
2012/9/9,11
2012/9/10,11.2
2012/9/11,11.3
2012/9/12,11.4
2012/9/13,11.4
2012/9/14,11.7
2012/9/15,11.8
2012/9/16,11.9
2012/9/17,11.9
2012/9/18,12.3
2012/9/19,12.6
2012/9/20,12.3
2012/9/21,12.4
2012/9/22,12.2
2012/9/23,12.2
2012/9/24,12.1
2012/9/25,12.2
2012/9/26,12.3
2012/9/27,12.3
2012/9/28,12.4
2012/9/29,12.4
2012/9/30,12.4
2012/10/1,12.4
2012/10/2,12.8
2012/10/3,12.9
2012/10/4,12.9
2012/10/5,12.7
2012/10/6,12.5
2012/10/7,11.8
2012/10/8,11.8
2012/10/9,11.9
2012/10/10,12.1
2012/10/11,12
2012/10/12,12
2012/10/13,11.9
2012/10/14,11.7
2012/10/15,11.8
2012/10/16,11.9
2012/10/17,11.8
2012/10/18,11.9
2012/10/19,11.7
2012/10/20,11.7
2012/10/21,11.6
2012/10/22,11.7
2012/10/23,11.6
2012/10/24,11.6
2012/10/25,10.9
2012/10/26,10.2
2012/10/27,10.3
2012/10/28,10.7
2012/10/29,10.6
2012/10/30,10.9
2012/10/31,11.2
2012/11/1,10.6
2012/11/2,10.5
2012/11/3,10.6
2012/11/4,10.8
2012/11/5,10.8
2012/11/6,10.9
2012/11/7,10.9
2012/11/8,10.9
2012/11/9,10.8
2012/11/10,10.9
2012/11/11,10.9
2012/11/12,11
2012/11/13,10.9
2012/11/14,10.9
2012/11/15,11.2
2012/11/16,11.8
2012/11/17,11.8
2012/11/18,11.6
2012/11/19,11.8
2012/11/20,11.7
2012/11/21,11.8
2012/11/22,12.4
2012/11/23,12.3
2012/11/24,12.4
2012/11/25,12.5
2012/11/26,12.3
2012/11/27,12.2
2012/11/28,12.4
2012/11/29,12.4
2012/11/30,12.6
2012/12/1,12.6
2012/12/2,12.5
2012/12/3,12.7
2012/12/4,13.4
2012/12/5,13.4
2012/12/6,13.3
2012/12/7,13.5
2012/12/8,13.4
2012/12/9,13.4
2012/12/10,13.4
2012/12/11,13.6
2012/12/12,13.7
2012/12/13,13.7
2012/12/14,13.6
2012/12/15,13.5
2012/12/16,13.3
2012/12/17,13.3
2012/12/18,13.3
2012/12/19,13.6
2012/12/20,13.5
2012/12/21,13.5
2012/12/22,13.4
2012/12/23,13.3
2012/12/24,13.4
2012/12/25,13.4
2012/12/26,13.5
2012/12/27,13.4
2012/12/28,13.4
2012/12/29,13.4
2012/12/30,13.4
2012/12/31,13.5
2013/1/1,13.3
2013/1/2,13.3
2013/1/3,13.4
2013/1/4,13.5
2013/1/5,13.4
2013/1/6,13.4
2013/1/7,13.6
2013/1/8,13.7
2013/1/9,13.8
2013/1/10,14.1
2013/1/11,14.1
2013/1/12,14.2
2013/1/13,14.1
2013/1/14,14.3
2013/1/15,14.3
2013/1/16,14.7
2013/1/17,15.5
2013/1/18,15.7
2013/1/19,15.6
2013/1/20,15.7
2013/1/21,16.8
2013/1/22,17.3
2013/1/23,17.5
2013/1/24,16.9
2013/1/25,17.4
2013/1/26,17.9
2013/1/27,17.8
2013/1/28,18.7
2013/1/29,19.5
2013/1/30,19.7
2013/1/31,20.4
2013/2/1,20.5
2013/2/2,19.6
2013/2/3,20.6
2013/2/4,20.4
2013/2/5,20.6
2013/2/6,21.2
2013/2/7,22.1
2013/2/8,22.7
2013/2/9,23.6
2013/2/10,24
2013/2/11,24.6
2013/2/12,25.2
2013/2/13,24.2
2013/2/14,27.2
2013/2/15,27.1
2013/2/16,27.2
2013/2/17,26.8
2013/2/18,27
2013/2/19,29.4
2013/2/20,29.6
2013/2/21,29.8
2013/2/22,30.3
2013/2/23,29.8
2013/2/24,29.9
2013/2/25,30.4
2013/2/26,31.1
2013/2/27,30.9
2013/2/28,33.4
2013/3/1,34.5
2013/3/2,34.3
2013/3/3,34.5
2013/3/4,36.2
2013/3/5,40.3
2013/3/6,41
2013/3/7,42
2013/3/8,44.2
2013/3/9,46.8
2013/3/10,46
2013/3/11,48.4
2013/3/12,44.3
2013/3/13,46.9
2013/3/14,47.2
2013/3/15,47
2013/3/16,47
2013/3/17,47.4
2013/3/18,51.6
2013/3/19,59.1
2013/3/20,64.5
2013/3/21,70.8
2013/3/22,69.9
2013/3/23,64.3
2013/3/24,71.5
2013/3/25,73.6
2013/3/26,78.5
2013/3/27,88.9
2013/3/28,86.2
2013/3/29,90.5
2013/3/30,92.2
2013/3/31,93
2013/4/1,104
2013/4/2,118
2013/4/3,135
2013/4/4,132.1
2013/4/5,142.3
2013/4/6,142.6
2013/4/7,162.3
2013/4/8,187.5
2013/4/9,230
2013/4/10,165
2013/4/11,124.9
2013/4/12,117
2013/4/13,93
2013/4/14,90
2013/4/15,82.4
2013/4/16,68.4
2013/4/17,93.1
2013/4/18,109
2013/4/19,118.5
2013/4/20,126.6
2013/4/21,119.2
2013/4/22,127.4
2013/4/23,143.5
2013/4/24,154.2
2013/4/25,141.7
2013/4/26,136.9
2013/4/27,128
2013/4/28,134.4
2013/4/29,144
2013/4/30,139.2
2013/5/1,116.4
2013/5/2,106.3
2013/5/3,98.1
2013/5/4,112.9
2013/5/5,116
2013/5/6,112.3
2013/5/7,109.6
2013/5/8,113.2
2013/5/9,112.8
2013/5/10,117.7
2013/5/11,115.6
2013/5/12,114.8
2013/5/13,118
2013/5/14,111.4
2013/5/15,114.2
2013/5/16,118.2
2013/5/17,123.5
2013/5/18,123.2
2013/5/19,122.5
2013/5/20,122
2013/5/21,122.9
2013/5/22,123.8
2013/5/23,126.3
2013/5/24,133.1
2013/5/25,132
2013/5/26,133.5
2013/5/27,129.8
2013/5/28,129
2013/5/29,132.3
2013/5/30,128.8
2013/5/31,128.8
2013/6/1,129.3
2013/6/2,122.5
2013/6/3,120.7
2013/6/4,121.4
2013/6/5,121.9
2013/6/6,119
2013/6/7,111
2013/6/8,107.9
2013/6/9,100.4
2013/6/10,106.3
2013/6/11,109
2013/6/12,108.8
2013/6/13,103.9
2013/6/14,100
2013/6/15,99.8
2013/6/16,99.9
2013/6/17,101.9
2013/6/18,107.3
2013/6/19,108.3
2013/6/20,111.3
2013/6/21,109.5
2013/6/22,108.2
2013/6/23,107.9
2013/6/24,102.1
2013/6/25,103.3
2013/6/26,104
2013/6/27,101.7
2013/6/28,94.7
2013/6/29,95
2013/6/30,97.5
2013/7/1,84.6
2013/7/2,87.7
2013/7/3,76.9
2013/7/4,77.7
2013/7/5,66.3
2013/7/6,66.8
2013/7/7,72.5
2013/7/8,74.6
2013/7/9,74.2
2013/7/10,84.5
2013/7/11,91.2
2013/7/12,88.5
2013/7/13,91.4
2013/7/14,90.4
2013/7/15,93.1
2013/7/16,92.7
2013/7/17,90.5
2013/7/18,85.4
2013/7/19,85.8
2013/7/20,85.7
2013/7/21,85.5
2013/7/22,86.1
2013/7/23,86.9
2013/7/24,87.5
2013/7/25,89.4
2013/7/26,90.6
2013/7/27,89.1
2013/7/28,92.1
2013/7/29,93.3
2013/7/30,96.3
2013/7/31,97.9
2013/8/1,96.4
2013/8/2,97.2
2013/8/3,96.7
2013/8/4,96.6
2013/8/5,96.9
2013/8/6,97.1
2013/8/7,96.9
2013/8/8,94.8
2013/8/9,93.4
2013/8/10,93.3
2013/8/11,94.2
2013/8/12,95.1
2013/8/13,97.9
2013/8/14,98
2013/8/15,97.5
2013/8/16,98.3
2013/8/17,99.6
2013/8/18,98.8
2013/8/19,102.3
2013/8/20,105
2013/8/21,111.4
2013/8/22,109.7
2013/8/23,107.6
2013/8/24,108.7
2013/8/25,111.8
2013/8/26,112.2
2013/8/27,117.4
2013/8/28,117.6
2013/8/29,117.5
2013/8/30,123.2
2013/8/31,129.5
2013/9/1,128.3
2013/9/2,127.4
2013/9/3,127.6
2013/9/4,120.6
2013/9/5,120.5
2013/9/6,116.3
2013/9/7,119.1
2013/9/8,116.6
2013/9/9,120
2013/9/10,121.5
2013/9/11,125.4
2013/9/12,125.8
2013/9/13,126.5
2013/9/14,124.1
2013/9/15,124.6
2013/9/16,125.1
2013/9/17,126
2013/9/18,126.3
2013/9/19,124.2
2013/9/20,122.9
2013/9/21,122.6
2013/9/22,122.7
2013/9/23,122.2
2013/9/24,122.5
2013/9/25,123.4
2013/9/26,123.5
2013/9/27,123.5
2013/9/28,124.8
2013/9/29,125.2
2013/9/30,123.1
2013/10/1,125.5
2013/10/2,99.8
2013/10/3,116.8
2013/10/4,121.3
2013/10/5,121.1
2013/10/6,121.7
2013/10/7,123.2
2013/10/8,124.3
2013/10/9,125.8
2013/10/10,125.7
2013/10/11,125.5
2013/10/12,126.5
2013/10/13,130.4
2013/10/14,133
2013/10/15,138.6
2013/10/16,137.4
2013/10/17,142.7
2013/10/18,149.6
2013/10/19,159.8
2013/10/20,163.1
2013/10/21,174.2
2013/10/22,183.9
2013/10/23,200.6
2013/10/24,183.1
2013/10/25,178.1
2013/10/26,175.9
2013/10/27,185.7
2013/10/28,187.9
2013/10/29,198.2
2013/10/30,194.6
2013/10/31,198.2
2013/11/1,198.5
2013/11/2,200.9
2013/11/3,207.6
2013/11/4,225.2
2013/11/5,239.3
2013/11/6,253.7
2013/11/7,283.3
2013/11/8,323.8
2013/11/9,336.1
2013/11/10,311.9
2013/11/11,338.6
2013/11/12,350.2
2013/11/13,387.7
2013/11/14,418
2013/11/15,400
2013/11/16,435.3
2013/11/17,473.3
2013/11/18,585.2
2013/11/19,599
2013/11/20,550
2013/11/21,700
2013/11/22,760
2013/11/23,842.2
2013/11/24,813.7
2013/11/25,782.8
2013/11/26,849.6
2013/11/27,948
2013/11/28,1010
2013/11/29,1107.5
2013/11/30,1112.4
2013/12/1,955
2013/12/2,998.1
2013/12/3,1048
2013/12/4,1145
2013/12/5,1030.6
2013/12/6,872.6
2013/12/7,800.6
2013/12/8,730
2013/12/9,935.8
2013/12/10,1023
2013/12/11,921.8
2013/12/12,900.5
2013/12/13,912.6
2013/12/14,897.9
2013/12/15,864.9
2013/12/16,704.8
2013/12/17,731.9
2013/12/18,551.4
2013/12/19,702
2013/12/20,599
2013/12/21,607.7
2013/12/22,622.1
2013/12/23,640.4
2013/12/24,647.3
2013/12/26,740
2013/12/27,718.9
2013/12/28,701
2013/12/29,714.3
2013/12/30,737.2
2013/12/31,727.7
2014/1/1,740.3
2014/1/2,775
2014/1/3,812.1
2014/1/4,801.8
2014/1/5,904
2014/1/6,934.5
2014/1/7,791
2014/1/8,828.5
2014/1/9,850
2014/1/10,834.7
2014/1/11,896.9
2014/1/12,888.1
2014/1/13,818.4
2014/1/14,826.9
2014/1/15,839.7
2014/1/16,824
2014/1/17,789
2014/1/18,800
2014/1/19,830
2014/1/20,823.4
2014/1/21,810
2014/1/22,807
2014/1/23,816.2
2014/1/24,781.9
2014/1/25,810
2014/1/26,809.7
2014/1/27,760.3
2014/1/28,795
2014/1/29,800
2014/1/30,803.9
2014/1/31,800
2014/2/1,814.6
2014/2/3,810
2014/2/4,813
2014/2/5,791
2014/2/6,771.6
2014/2/7,720
2014/2/8,690
2014/2/9,710
2014/2/10,706.3
2014/2/11,658.9
2014/2/12,685
2014/2/13,634.3
2014/2/14,682
2014/2/15,653.4
2014/2/16,608
2014/2/17,663.8
2014/2/18,628
2014/2/19,630.4
2014/2/20,578.9
2014/2/21,568
2014/2/22,595.2
2014/2/23,619
2014/2/24,562.4
2014/2/25,515
2014/2/26,582
2014/2/27,579
2014/2/28,565
2014/3/1,568.2
2014/3/2,560.6
2014/3/3,658
2014/3/4,668
2014/3/5,675
2014/3/6,663
2014/3/7,621
2014/3/8,614.1
2014/3/9,621
2014/3/10,615
2014/3/11,615
2014/3/12,650
2014/3/13,642
2014/3/14,630
2014/3/15,641.6
2014/3/16,635
2014/3/17,624.3
2014/3/18,618.4
2014/3/19,611
2014/3/20,583.5
2014/3/21,568.8
2014/3/22,560
2014/3/23,566.2
2014/3/24,590
2014/3/25,582
2014/3/26,595
2014/3/27,498.5
2014/3/28,497.4
2014/3/29,491.9
2014/3/30,464.1
2014/3/31,452
2014/4/1,482.8
2014/4/2,443.3
2014/4/3,448.8
2014/4/4,450
2014/4/5,460.8
2014/4/6,453.7
2014/4/7,454.2
2014/4/8,448.8
2014/4/9,442.5
2014/4/10,370
2014/4/11,416.3
2014/4/12,415
2014/4/13,404.2
2014/4/14,459
2014/4/15,515
2014/4/16,522.3
2014/4/17,500.7
2014/4/18,490.5
2014/4/19,505
2014/4/20,512.5
2014/4/21,497
2014/4/22,488
2014/4/23,490.2
2014/4/24,497.5
2014/4/25,460
2014/4/26,459
2014/4/27,441.5
2014/4/28,448
2014/4/29,434
2014/4/30,448.3
2014/5/1,459
2014/5/2,453.5
2014/5/3,440.5
2014/5/4,430.9
2014/5/5,427
2014/5/6,430
2014/5/7,438
2014/5/8,442.8
2014/5/9,446
2014/5/10,451.1
2014/5/11,432
2014/5/12,440
2014/5/13,437.3
2014/5/14,444
2014/5/15,442
2014/5/16,442.3
2014/5/17,442
2014/5/18,438.8
2014/5/19,439
2014/5/20,476
2014/5/21,477.6
2014/5/22,502.3
2014/5/23,509.5
2014/5/24,502.3
2014/5/25,566.2
2014/5/26,575
2014/5/27,570
2014/5/28,577
2014/5/29,573
2014/5/30,629
2014/5/31,635.6
2014/6/1,646.5
2014/6/2,669.5
2014/6/3,682.9
2014/6/4,652.3
2014/6/5,663.3
2014/6/6,655
2014/6/7,663
2014/6/8,662.3
2014/6/9,653.7
2014/6/10,653.6
2014/6/11,637.1
2014/6/12,590
2014/6/13,582.6
2014/6/14,554.4
2014/6/15,571
2014/6/16,580
2014/6/17,614.3
2014/6/18,611.5
2014/6/19,602
2014/6/20,601
2014/6/21,601.6
2014/6/22,607.8
2014/6/23,599.3
2014/6/24,587.3
2014/6/25,568.1
2014/6/26,577.9
2014/6/27,606.2
2014/6/28,600.1
2014/6/29,603.7
2014/6/30,640
2014/7/1,650.8
2014/7/2,647.9
2014/7/3,643.6
2014/7/4,632.2
2014/7/5,630
2014/7/6,633.3
2014/7/7,624
2014/7/8,618.5
2014/7/9,620.2
2014/7/10,610
2014/7/11,625.5
2014/7/12,626
2014/7/13,624
2014/7/14,622.4
2014/7/15,620.9
2014/7/16,621
2014/7/17,627.6
2014/7/18,627.5
2014/7/19,625.3
2014/7/20,618.9
2014/7/21,619.8
2014/7/22,612.6
2014/7/23,617.2
2014/7/24,600.3
2014/7/25,598
2014/7/26,594
2014/7/27,590.5
2014/7/28,586.4
2014/7/29,575
2014/7/30,551
2014/7/31,579
2014/8/1,594.9
2014/8/2,587.8
2014/8/3,582.1
2014/8/4,581.1
2014/8/5,575
2014/8/6,577.5
2014/8/7,582.3
2014/8/8,586.4
2014/8/9,583.3
2014/8/10,580
2014/8/11,572.5
2014/8/12,566
2014/8/13,549
2014/8/14,510
2014/8/15,506.2
2014/8/16,527.2
2014/8/17,501.3
2014/8/18,478.2
2014/8/19,490.3
2014/8/20,517
2014/8/21,515.9
2014/8/22,515.6
2014/8/23,500.1
2014/8/24,507.3
2014/8/25,502.5
2014/8/26,508.4
2014/8/27,511
2014/8/28,507.8
2014/8/29,507.5
2014/8/30,499
2014/8/31,483.4
2014/9/1,485.8
2014/9/2,476.8
2014/9/3,474
2014/9/4,489.2
2014/9/5,477.6
2014/9/6,481.3
2014/9/7,479.7
2014/9/8,470.4
2014/9/9,472.7
2014/9/10,477.3
2014/9/11,477.1
2014/9/12,471.8
2014/9/13,478.1
2014/9/14,476.5
2014/9/15,469.9
2014/9/16,465.1
2014/9/17,456.8
2014/9/18,427.2
2014/9/19,395.3
2014/9/20,411.6
2014/9/21,400.7
2014/9/22,397.7
2014/9/23,429.1
2014/9/24,420.4
2014/9/25,409.1
2014/9/26,403
2014/9/27,397.3
2014/9/28,374.7
2014/9/29,369.6
2014/9/30,387.1
2014/10/1,383
2014/10/2,371.7
2014/10/3,357.7
2014/10/4,328.7
2014/10/5,322.5
2014/10/6,323.8
2014/10/7,331
2014/10/8,350
2014/10/9,363.5
2014/10/10,359.5
2014/10/11,361.3
2014/10/12,372
2014/10/13,383.4
2014/10/14,397.9
2014/10/15,393.5
2014/10/16,379.3
2014/10/17,380.3
2014/10/18,390
2014/10/19,386.3
2014/10/20,381
2014/10/21,382.8
2014/10/22,380
2014/10/23,356
2014/10/24,356.1
2014/10/25,347.4
2014/10/26,350
2014/10/27,350.6
2014/10/28,353.1
2014/10/29,333.2
2014/10/30,343.9
2014/10/31,337
2014/11/1,327.2
2014/11/2,322.5
2014/11/3,323.6
2014/11/4,326.9
2014/11/5,337.5
2014/11/6,348.5
2014/11/7,341.5
2014/11/8,345
2014/11/9,360
2014/11/10,368
2014/11/11,367
2014/11/12,417.9
2014/11/13,419.4
2014/11/14,399.1
2014/11/15,376.5
2014/11/16,388.2
2014/11/17,387.6
2014/11/18,370
2014/11/19,379.2
2014/11/20,355.9
2014/11/21,349.3
2014/11/22,346.4
2014/11/23,360.6
2014/11/24,373.2
2014/11/25,375.8
2014/11/26,367.9
2014/11/27,369.6
2014/11/28,375.6
2014/11/29,374.5
2014/11/30,376.7
2014/12/1,377.6
2014/12/2,382
2014/12/3,375.7
2014/12/4,370.3
2014/12/5,378.4
2014/12/6,372.8
2014/12/7,374.4
2014/12/8,363.3
2014/12/9,353.9
2014/12/10,346.9
2014/12/11,350
2014/12/12,352.8
2014/12/13,350.9
2014/12/14,352.7
2014/12/15,347.2
2014/12/16,330.6
2014/12/17,318.2
2014/12/18,308.3
2014/12/19,315.7
2014/12/20,329.1
2014/12/21,317.2
2014/12/22,329
2014/12/23,332.9
2014/12/24,322.8
2014/12/25,319
2014/12/26,328.5
2014/12/27,315.9
2014/12/28,317.5
2014/12/29,311.9
2014/12/30,308.8
2014/12/31,317
2015/1/1,313.9
2015/1/2,315.1
2015/1/3,282
2015/1/4,258.8
2015/1/5,273.2
2015/1/6,285.4
2015/1/7,297
2015/1/8,285.6
2015/1/9,292.8
2015/1/10,275
2015/1/11,266.2
2015/1/12,267.6
2015/1/13,229.8
2015/1/14,183.2
2015/1/15,217.7
2015/1/16,206.7
2015/1/17,201.2
2015/1/18,209.9
2015/1/19,213.2
2015/1/20,218
2015/1/21,225.5
2015/1/22,226.3
2015/1/23,235
2015/1/24,240
2015/1/25,254.5
2015/1/26,274.5
2015/1/27,263.6
2015/1/28,236.1
2015/1/29,235
2015/1/30,229.1
2015/1/31,218.4
2015/2/1,229
2015/2/2,237.8
2015/2/3,228.6
2015/2/4,227.1
2015/2/5,216.8
2015/2/6,223.2
2015/2/7,229
2015/2/8,224
2015/2/9,221.1
2015/2/10,220.9
2015/2/11,219.8
2015/2/12,222.4
2015/2/13,236.1
2015/2/14,257.2
2015/2/15,235.9
2015/2/16,233.6
2015/2/17,244
2015/2/18,236.3
2015/2/19,240.2
2015/2/20,244.5
2015/2/21,245.6
2015/2/22,236.5
2015/2/23,239.4
2015/2/24,239.7
2015/2/25,238
2015/2/26,236.9
2015/2/27,255
2015/2/28,255.7
2015/3/1,262.4
2015/3/2,277.3
2015/3/3,283.8
2015/3/4,273.3
2015/3/5,277.7
2015/3/6,273.2
2015/3/7,277
2015/3/8,275.6
2015/3/9,291
2015/3/10,292.7
2015/3/11,296.7
2015/3/12,295.6
2015/3/13,283.3
2015/3/14,282.6
2015/3/15,286.9
2015/3/16,291.2
2015/3/17,285.3
2015/3/18,257.3
2015/3/19,261.9
2015/3/20,262.2
2015/3/21,260.5
2015/3/22,268.8
2015/3/23,267.2
2015/3/24,246
2015/3/25,245.9
2015/3/26,249.2
2015/3/27,246.5
2015/3/28,252.9
2015/3/29,242.4
2015/3/30,247.9
2015/3/31,244.3
2015/4/1,246.9
2015/4/2,253.2
2015/4/3,254.2
2015/4/4,253.6
2015/4/5,260.5
2015/4/6,255.6
2015/4/7,253.7
2015/4/8,244.9
2015/4/9,243.6
2015/4/10,236.1
2015/4/11,236.9
2015/4/12,236.4
2015/4/13,225
2015/4/14,220.2
2015/4/15,224
2015/4/16,228.5
2015/4/17,222.4
2015/4/18,223.1
2015/4/19,222.2
2015/4/20,224.2
2015/4/21,235.8
2015/4/22,234.1
2015/4/23,236
2015/4/24,231.4
2015/4/25,226.1
2015/4/26,219.7
2015/4/27,227.7
2015/4/28,225.3
2015/4/29,225.2
2015/4/30,236.1
2015/5/1,231.8
2015/5/2,234.8
2015/5/3,240.7
2015/5/4,238.5
2015/5/5,235.9
2015/5/6,229.3
2015/5/7,237.3
2015/5/8,244.5
2015/5/9,242.5
2015/5/10,240.6
2015/5/11,242.5
2015/5/12,241.8
2015/5/13,235.8
2015/5/14,236.7
2015/5/15,237.3
2015/5/16,235.7
2015/5/17,236.2
2015/5/18,232.8
2015/5/19,231.7
2015/5/20,234.2
2015/5/21,235.3
2015/5/22,241
2015/5/23,238.8
2015/5/24,240.9
2015/5/25,237.1
2015/5/26,237.4
2015/5/27,236.9
2015/5/28,236.9
2015/5/29,236.5
2015/5/30,232.5
2015/5/31,228.7
2015/6/1,222
2015/6/2,224.7
2015/6/3,225.1
2015/6/4,223.2
2015/6/5,224.5
2015/6/6,225.6
2015/6/7,223.3
2015/6/8,228.8
2015/6/9,229.1
2015/6/10,228.6
2015/6/11,229.8
2015/6/12,229.4
2015/6/13,232.9
2015/6/14,233.5
2015/6/15,237
2015/6/16,252.1
2015/6/17,248.9
2015/6/18,249.5
2015/6/19,244.6
2015/6/20,245.4
2015/6/21,244.3
2015/6/22,246.7
2015/6/23,244.3
2015/6/24,239.8
2015/6/25,242.1
2015/6/26,243.3
2015/6/27,251.6
2015/6/28,248.7
2015/6/29,256.7
2015/6/30,262.9
2015/7/1,258.1
2015/7/2,254.5
2015/7/3,256
2015/7/4,260.6
2015/7/5,265.2
2015/7/6,274.8
2015/7/7,265.5
2015/7/8,270.8
2015/7/9,269.2
2015/7/10,286.7
2015/7/12,311.1
2015/7/13,292.6
2015/7/14,286.9
2015/7/15,285.4
2015/7/16,278.9
2015/7/17,279.9
2015/7/18,277.3
2015/7/19,275
2015/7/20,280.3
2015/7/21,275.8
2015/7/22,278
2015/7/23,276.5
2015/7/24,288.6
2015/7/25,289.4
2015/7/26,293
2015/7/27,294.8
2015/7/28,295.2
2015/7/29,289.9
2015/7/30,288.2
2015/7/31,284.5
2015/8/1,280.3
2015/8/2,282.5
2015/8/3,281.3
2015/8/4,285.5
2015/8/5,282.6
2015/8/6,279.1
2015/8/7,280.1
2015/8/8,261.3
2015/8/9,265.6
2015/8/10,265.1
2015/8/11,272
2015/8/12,267.1
2015/8/13,264.5
2015/8/14,266.1
2015/8/15,262.1
2015/8/16,259.9
2015/8/17,258.5
2015/8/18,183
2015/8/19,226.2
2015/8/20,235.5
2015/8/21,232.2
2015/8/22,230.3
2015/8/23,228.5
2015/8/24,210.5
2015/8/25,222.7
2015/8/26,226.2
2015/8/27,225.8
2015/8/28,231.8
2015/8/29,230.8
2015/8/30,230
2015/8/31,231.4
2015/9/1,228.2
2015/9/2,229.7
2015/9/3,227.3
2015/9/4,230.9
2015/9/5,235.8
2015/9/6,241
2015/9/7,240.9
2015/9/8,244.2
2015/9/9,238.9
2015/9/10,239.5
2015/9/11,240.6
2015/9/12,235.8
2015/9/13,231
2015/9/14,230.9
2015/9/15,230.9
2015/9/16,229
2015/9/17,233.6
2015/9/18,233.8
2015/9/19,232.1
2015/9/20,232.1
2015/9/21,227.2
2015/9/22,231.3
2015/9/23,230.5
2015/9/24,234.6
2015/9/25,235.3
2015/9/26,234.6
2015/9/27,233.4
2015/9/28,240.4
2015/9/29,236.8
2015/9/30,236.5
2015/10/1,238.5
2015/10/2,237.9
2015/10/3,239.8
2015/10/4,239.5
2015/10/5,242
2015/10/6,247.4
2015/10/7,244.2
2015/10/8,243
2015/10/9,244.8
2015/10/10,246
2015/10/11,247.9
2015/10/12,246.1
2015/10/13,251.3
2015/10/14,253.5
2015/10/15,255.2
2015/10/16,263.5
2015/10/17,272.9
2015/10/18,265
2015/10/19,265
2015/10/20,271
2015/10/21,267.8
2015/10/22,275.8
2015/10/23,279.2
2015/10/24,284.2
2015/10/25,284.8
2015/10/26,287.2
2015/10/27,295.2
2015/10/28,304.5
2015/10/29,314.9
2015/10/30,328.2
2015/10/31,316
2015/11/1,330.7
2015/11/2,365
2015/11/3,405.3
2015/11/4,409.2
2015/11/5,388
2015/11/6,375.6
2015/11/7,384.6
2015/11/8,374
2015/11/9,381
2015/11/10,340.2
2015/11/11,314
2015/11/12,336.6
2015/11/13,338.5
2015/11/14,333.4
2015/11/15,321.1
2015/11/16,332.1
2015/11/17,336.3
2015/11/18,336
2015/11/19,326.5
2015/11/20,322.2
2015/11/21,327.5
2015/11/22,324.7
2015/11/23,323.6
2015/11/24,320.1
2015/11/25,329.9
2015/11/26,354
2015/11/27,358.9
2015/11/28,358.7
2015/11/29,373.3
2015/11/30,376.9
2015/12/1,362.7
2015/12/2,359.1
2015/12/3,360.7
2015/12/4,363.2
2015/12/5,390
2015/12/6,390.6
2015/12/7,396.7
2015/12/8,420.8
2015/12/9,418.7
2015/12/10,414.9
2015/12/11,456.3
2015/12/12,435.7
2015/12/13,433
2015/12/14,442.6
2015/12/15,466.5
2015/12/16,455
2015/12/17,455.8
2015/12/18,463.5
2015/12/19,462.5
2015/12/20,442.6
2015/12/21,437.9
2015/12/22,435.6
2015/12/23,442.6
2015/12/24,456.1
2015/12/25,455.5
2015/12/26,416.5
2015/12/27,422.4
2015/12/28,420.2
2015/12/29,431.9
2015/12/30,424.7
2015/12/31,429
2016/1/1,434
2016/1/2,432.7
2016/1/3,428.7
2016/1/4,432.9
2016/1/5,431.8
2016/1/6,428
2016/1/7,459
2016/1/8,454
2016/1/9,449.2
2016/1/10,449.4
2016/1/11,449.3
2016/1/12,432
2016/1/13,431.1
2016/1/14,429.3
2016/1/15,358.9
2016/1/16,388.4
2016/1/17,382.1
2016/1/18,387
2016/1/19,379
2016/1/20,419.4
2016/1/21,411
2016/1/22,381
2016/1/23,385.6
2016/1/24,402.8
2016/1/25,391
2016/1/26,391.3
2016/1/27,395
2016/1/28,378.4
2016/1/29,377.6
2016/1/30,377
2016/1/31,365.5
2016/2/1,371.4
2016/2/2,372.9
2016/2/3,369
2016/2/4,389.8
2016/2/5,386.5
2016/2/6,373.8
2016/2/7,372
2016/2/8,370.5
2016/2/9,374
2016/2/10,380.9
2016/2/11,378
2016/2/12,383
2016/2/13,393
2016/2/14,408.3
2016/2/15,399.9
2016/2/16,407.3
2016/2/17,414.9
2016/2/18,421.5
2016/2/19,420
2016/2/20,438.7
2016/2/21,440.5
2016/2/22,440.3
2016/2/23,421.1
2016/2/24,426.4
2016/2/25,424.9
2016/2/26,435.3
2016/2/27,434.2
2016/2/28,434.5
2016/2/29,439.2
2016/3/1,434.8
2016/3/2,422.2
2016/3/3,420.6
2016/3/4,408.8
2016/3/5,397.4
2016/3/6,403.9
2016/3/7,412.7
2016/3/8,411.4
2016/3/9,412.9
2016/3/10,416.5
2016/3/11,420.5
2016/3/12,410
2016/3/13,411.8
2016/3/14,416
2016/3/15,415.5
2016/3/16,417.3
2016/3/17,418.8
2016/3/18,407.7
2016/3/19,408.4
2016/3/20,411.3
2016/3/21,411.9
2016/3/22,417.7
2016/3/23,418.1
2016/3/24,415.3
2016/3/25,416
2016/3/26,416.7
2016/3/27,427.4
2016/3/28,424.1
2016/3/29,415.8
2016/3/30,413.2
2016/3/31,416
2016/4/1,417.6
2016/4/2,420.3
2016/4/3,420.6
2016/4/4,420.5
2016/4/5,423.8
2016/4/6,422.6
2016/4/7,422.3
2016/4/8,418.5
2016/4/9,418.5
2016/4/10,421.3
2016/4/11,423.7
2016/4/12,426.6
2016/4/13,424.8
2016/4/14,426
2016/4/15,431.5
2016/4/16,432
2016/4/17,428.5
2016/4/18,430
2016/4/19,437.8
2016/4/20,444
2016/4/21,452
2016/4/22,447.8
2016/4/23,453.7
2016/4/24,463
2016/4/25,461.8
2016/4/26,468.1
2016/4/27,445.1
2016/4/28,450.5
2016/4/29,455.3
2016/4/30,446.6
2016/5/1,451.1
2016/5/2,443.7
2016/5/3,450.4
2016/5/4,447.4
2016/5/5,448.4
2016/5/6,461.2
2016/5/7,460.2
2016/5/8,459.9
2016/5/9,461.6
2016/5/10,450.7
2016/5/11,452.3
2016/5/12,455
2016/5/13,455.8
2016/5/14,455.8
2016/5/15,457.9
2016/5/16,453
2016/5/17,453.2
2016/5/18,453.5
2016/5/19,435
2016/5/20,441.6
2016/5/21,440.8
2016/5/22,437.5
2016/5/23,443.7
2016/5/24,445
2016/5/25,449.1
2016/5/26,454
2016/5/27,472
2016/5/28,527
2016/5/29,531
2016/5/30,532.9
2016/5/31,530.7
2016/6/1,536.8
2016/6/2,538.8
2016/6/3,570.9
2016/6/4,572.7
2016/6/5,574
2016/6/6,585.2
2016/6/7,576.9
2016/6/8,583
2016/6/9,575.5
2016/6/10,580.1
2016/6/11,614.5
2016/6/12,671
2016/6/13,705.9
2016/6/14,684.5
2016/6/15,696.9
2016/6/16,769.5
2016/6/17,748.7
2016/6/18,757.6
2016/6/19,767.3
2016/6/20,743.9
2016/6/21,668.9
2016/6/22,606
2016/6/23,625.8
2016/6/24,666
2016/6/25,664.9
2016/6/26,627.4
2016/6/27,662.2
2016/6/28,646.3
2016/6/29,639.7
2016/6/30,674.7
2016/7/1,674.8
2016/7/2,705
2016/7/3,659.3
2016/7/4,681.3
2016/7/5,667.8
2016/7/6,677
2016/7/7,640.5
2016/7/8,664.8
2016/7/9,648.1
2016/7/10,649.7
2016/7/11,648
2016/7/12,667.2
2016/7/13,653.7
2016/7/14,659.8
2016/7/15,665.5
2016/7/16,665.3
2016/7/17,683.2
2016/7/18,674.3
2016/7/19,675
2016/7/20,665.8
2016/7/21,665
2016/7/22,648
2016/7/23,654
2016/7/24,661.8
2016/7/25,654.2
2016/7/26,648.5
2016/7/27,654.5
2016/7/29,658.3
2016/7/30,655
2016/7/31,623.7
2016/8/1,608
2016/8/2,604
2016/8/3,604.1
2016/8/4,604.1
2016/8/5,604.1
2016/8/6,604.1
2016/8/7,604.1
2016/8/8,604.1
2016/8/9,604.1
2016/8/10,590.3
2016/8/11,591.3
2016/8/12,585.5
2016/8/13,583.7
2016/8/14,569.4
2016/8/15,564.6
2016/8/16,574.2
2016/8/17,571.8
2016/8/18,572.2
2016/8/19,573.5
2016/8/20,582
2016/8/21,581.4
2016/8/22,588
2016/8/23,583.5
2016/8/24,580.3
2016/8/25,577.2
2016/8/26,578
2016/8/27,568.5
2016/8/28,574.2
2016/8/29,574.8
2016/8/30,579.5
2016/8/31,576.2
2016/9/1,572.7
2016/9/2,579.8
2016/9/3,609.9
2016/9/4,614.5
2016/9/5,611.5
2016/9/6,615.2
2016/9/7,619.8
2016/9/8,631.7
2016/9/9,626.3
2016/9/10,628
2016/9/11,612.1
2016/9/12,611.6
2016/9/13,614.2
2016/9/14,613.9
2016/9/15,611.8
2016/9/16,610
2016/9/17,607.7
2016/9/18,613
2016/9/19,609.8
2016/9/20,600
2016/9/21,597.4
2016/9/22,597.1
2016/9/23,603.3
2016/9/24,602.5
2016/9/25,600.4
2016/9/26,609.1
2016/9/27,605.5
2016/9/28,603.8
2016/9/29,604.6
2016/9/30,611.1
2016/10/1,614.1
2016/10/2,609.1
2016/10/3,612.6
2016/10/4,611
2016/10/5,614.1
2016/10/6,613.5
2016/10/7,620.1
2016/10/8,620.5
2016/10/9,616.6
2016/10/10,618.9
2016/10/11,641.7
2016/10/12,637.6
2016/10/13,637
2016/10/14,643
2016/10/15,640.2
2016/10/16,644.2
2016/10/17,639.8
2016/10/18,638.8
2016/10/19,631.8
2016/10/20,632.5
2016/10/21,636.7
2016/10/22,665
2016/10/23,659
2016/10/24,654.7
2016/10/25,659.5
2016/10/26,678.7
2016/10/27,688.7
2016/10/28,693.5
2016/10/29,714.5
2016/10/30,702.5
2016/10/31,704.1
2016/11/1,734.2
2016/11/2,737.9
2016/11/3,690.1
2016/11/4,708.4
2016/11/5,708.4
2016/11/6,713
2016/11/7,707.8
2016/11/8,714
2016/11/9,723.8
2016/11/10,714.9
2016/11/11,714.8
2016/11/12,703.8
2016/11/13,708.1
2016/11/14,707.4
2016/11/15,712.2
2016/11/16,745
2016/11/17,740.7
2016/11/18,754
2016/11/19,752.9
2016/11/20,729.7
2016/11/21,739
2016/11/22,750
2016/11/23,742
2016/11/24,737.7
2016/11/25,740.4
2016/11/26,731.2
2016/11/27,725
2016/11/28,731.5
2016/11/29,731
2016/11/30,739
2016/12/1,755.4
2016/12/2,774.9
2016/12/3,765.3
2016/12/4,768.5
2016/12/5,750.6
2016/12/6,757.4
2016/12/7,765
2016/12/8,765
2016/12/9,770.5
2016/12/10,772.9
2016/12/11,770.2
2016/12/12,778
2016/12/13,775
2016/12/14,774.5
2016/12/15,777.4
2016/12/16,784.2
2016/12/17,791
2016/12/18,790.2
2016/12/19,790.6
2016/12/20,798
2016/12/21,830
2016/12/22,859.2
2016/12/23,919
2016/12/24,895.2
2016/12/25,898
2016/12/26,906.4
2016/12/27,936.3
2016/12/28,981.7
2016/12/29,972.6
2016/12/30,959.3
2016/12/31,966.6
2017/1/1,999
2017/1/2,1019.3
2017/1/3,1037.5
2017/1/4,1139.6
2017/1/5,1003.2
2017/1/6,898
2017/1/7,908.8
2017/1/8,915.9
2017/1/9,903
2017/1/10,905.8
2017/1/11,778.6
2017/1/12,804.6
2017/1/13,828.1
2017/1/14,815.3
2017/1/15,820.7
2017/1/16,830.1
2017/1/17,904
2017/1/18,887.8
2017/1/19,900.3
2017/1/20,896
2017/1/21,924
2017/1/22,923.7
2017/1/23,910
2017/1/24,886.1
2017/1/25,893.3
2017/1/26,915.1
2017/1/27,916.7
2017/1/28,919.4
2017/1/29,912.6
2017/1/30,917.4
2017/1/31,966.2
2017/2/1,983.7
2017/2/2,1005.7
2017/2/3,1015.7
2017/2/4,1031.1
2017/2/5,1006.6
2017/2/6,1022.6
2017/2/7,1052.1
2017/2/8,1048.8
2017/2/9,985
2017/2/10,992
2017/2/11,1000.3
2017/2/12,996
2017/2/13,996.5
2017/2/14,1013.7
2017/2/15,1013.8
2017/2/16,1038.4
2017/2/17,1056.2
2017/2/18,1059.8
2017/2/19,1056.2
2017/2/20,1091.2
2017/2/21,1129.6
2017/2/22,1125.3
2017/2/23,1190.9
2017/2/24,1185.1
2017/2/25,1153
2017/2/26,1178.3
2017/2/27,1195.5
2017/2/28,1189.1
2017/3/1,1232.8
2017/3/2,1262.3
2017/3/3,1288.2
2017/3/4,1267.8
2017/3/5,1278.4
2017/3/6,1279.3
2017/3/7,1232.4
2017/3/8,1149.3
2017/3/9,1190.4
2017/3/10,1113.6
2017/3/11,1172.8
2017/3/12,1225.2
2017/3/13,1238.5
2017/3/14,1245
2017/3/15,1256.1
2017/3/16,1169
2017/3/17,1068.4
2017/3/18,971
2017/3/19,1016.1
2017/3/20,1039
2017/3/21,1115
2017/3/22,1039.1
2017/3/23,1033
2017/3/24,943.1
2017/3/25,972.2
2017/3/26,969
2017/3/27,1042.7
2017/3/28,1044.7
2017/3/29,1041.8
2017/3/30,1041
2017/3/31,1081.7
2017/4/1,1093.2
2017/4/2,1107.6
2017/4/3,1150.2
2017/4/4,1145
2017/4/5,1140.6
2017/4/6,1191.5
2017/4/7,1196.6
2017/4/8,1188.1
2017/4/9,1215.9
2017/4/10,1220.3
2017/4/11,1235.6
2017/4/12,1227.4
2017/4/13,1187
2017/4/14,1206.8
2017/4/15,1193.3
2017/4/16,1212
2017/4/17,1240
2017/4/18,1265.4
2017/4/19,1260.5
2017/4/20,1308.4
2017/4/21,1325.6
2017/4/22,1347.5
2017/4/23,1355.2
2017/4/24,1345
2017/4/25,1370.3
2017/4/26,1399.3
2017/4/27,1440.3
2017/4/28,1415.6
2017/4/29,1423.6
2017/4/30,1435.2
2017/5/1,1533.1
2017/5/2,1560
2017/5/3,1617.8
2017/5/4,1607.1
2017/5/5,1545.1
2017/5/6,1597.1
2017/5/7,1619.9
2017/5/8,1703.2
2017/5/9,1760
2017/5/10,1796.8
2017/5/11,1853.9
2017/5/12,1735
2017/5/13,1820.4
2017/5/14,1828.1
2017/5/15,1772.5
2017/5/16,1785.7
2017/5/17,1870
2017/5/18,1941.5
2017/5/19,1966.5
2017/5/20,2059.7
2017/5/21,2029.2
2017/5/22,2085.5
2017/5/23,2249.3
2017/5/24,2394.8
2017/5/25,2252
2017/5/26,2127.3
2017/5/27,1972.3
2017/5/28,2056.6
2017/5/29,2207.4
2017/5/30,2146.7
2017/5/31,2191.8
2017/6/1,2311.6
2017/6/2,2405.9
2017/6/3,2461
2017/6/4,2488.2
2017/6/5,2636.2
2017/6/6,2843.6
2017/6/7,2642.6
2017/6/8,2782.1
2017/6/9,2809
2017/6/10,2806
2017/6/11,2936.3
2017/6/12,2571.8
2017/6/13,2676.4
2017/6/14,2395
2017/6/15,2377.4
2017/6/16,2437
2017/6/17,2610
2017/6/18,2491.5
2017/6/19,2580.8
2017/6/20,2712.2
2017/6/21,2621.2
2017/6/22,2672.8
2017/6/23,2674.9
2017/6/24,2502.6
2017/6/25,2477.7
2017/6/26,2394.6
2017/6/27,2521.2
2017/6/28,2518.2
2017/6/29,2470.1
2017/6/30,2420.7
2017/7/1,2349.5
2017/7/2,2445
2017/7/3,2524
2017/7/4,2582.6
2017/7/5,2598.5
2017/7/6,2593.1
2017/7/7,2479.3
2017/7/8,2542
2017/7/9,2478
2017/7/10,2318.3
2017/7/11,2282.1
2017/7/12,2374.4
2017/7/13,2329
2017/7/14,2205.1
2017/7/15,1978.6
2017/7/16,1924.9
2017/7/17,2219
2017/7/18,2302.1
2017/7/19,2253.1
2017/7/20,2856.3
2017/7/21,2664
2017/7/22,2845.7
2017/7/23,2747.5
2017/7/24,2769.7
2017/7/25,2560.9
2017/7/26,2525.7
2017/7/27,2664.9
2017/7/28,2784.8
2017/7/29,2714.1
2017/7/30,2749
2017/7/31,2856
2017/8/1,2731.2
2017/8/2,2702
2017/8/3,2790.3
2017/8/4,2860
2017/8/5,3256.4
2017/8/6,3227.9
2017/8/7,3396.7
2017/8/8,3415
2017/8/9,3339.9
2017/8/10,3407.9
2017/8/11,3644.1
2017/8/12,3865.5
2017/8/13,4053.3
2017/8/14,4319.5
2017/8/15,4151.9
2017/8/16,4386.3
2017/8/17,4260
2017/8/18,4090.2
2017/8/19,4145.1
2017/8/20,4064.3
2017/8/21,4002.5
2017/8/22,4074
2017/8/23,4129.1
2017/8/24,4325.2
2017/8/25,4351.5
2017/8/26,4341.7
2017/8/27,4331.8
2017/8/28,4383.8
2017/8/29,4587.1
2017/8/30,4569
2017/8/31,4718.2
2017/9/1,4904.9
2017/9/2,4534.4
2017/9/3,4595
2017/9/4,4200.4
2017/9/5,4374.9
2017/9/6,4589.1
2017/9/7,4613.5
2017/9/8,4305.8
2017/9/9,4317.9
2017/9/10,4232.1
2017/9/11,4203
2017/9/12,4142.9
2017/9/13,3849.7
2017/9/14,3238.1
2017/9/15,3698
2017/9/16,3685.4
2017/9/17,3666.3
2017/9/18,4084.1
2017/9/19,3900
2017/9/20,3873.2
2017/9/21,3603.4
2017/9/22,3598.5
2017/9/23,3779.6
2017/9/24,3652.8
2017/9/25,3930
2017/9/26,3879.1
2017/9/27,4205.4
2017/9/28,4190
2017/9/29,4169.9
2017/9/30,4367
2017/10/1,4404.3
2017/10/2,4400.1
2017/10/3,4311.1
2017/10/4,4215.1
2017/10/5,4315.4
2017/10/6,4371
2017/10/7,4436
2017/10/8,4613.1
2017/10/9,4782.3
2017/10/10,4777
2017/10/11,4824.9
2017/10/12,5428.5
2017/10/13,5636.8
2017/10/14,5835
2017/10/15,5698.6
2017/10/16,5764.4
2017/10/17,5597.1
2017/10/18,5565
2017/10/19,5694
2017/10/20,5984.5
2017/10/21,6005.1
2017/10/22,5980.5
2017/10/23,5906.9
2017/10/24,5509.5
2017/10/25,5720
2017/10/26,5890
2017/10/27,5759.6
2017/10/28,5720.6
2017/10/29,6156
2017/10/30,6125.3
2017/10/31,6458.3
2017/11/1,6727.3
2017/11/2,7019.9
2017/11/3,7278.4
2017/11/4,7369
2017/11/5,7382
2017/11/6,6955
2017/11/7,7103.3
2017/11/8,7442.4
2017/11/9,7126.2
2017/11/10,6542.2
2017/11/11,6300.7
2017/11/12,5822.1
2017/11/13,6474.6
2017/11/14,6579.2
2017/11/15,7278.3
2017/11/16,7864.2
2017/11/17,7677.9
2017/11/18,7773.3
2017/11/19,8054.2
2017/11/20,8245.1
2017/11/21,8097.3
2017/11/22,8230.1
2017/11/23,7977.1
2017/11/24,8191.6
2017/11/25,8766.2
2017/11/26,9316
2017/11/27,9728.8
2017/11/28,9898
2017/11/29,9749.4
2017/11/30,9907
2017/12/1,10869
2017/12/2,10881
2017/12/3,11157
2017/12/4,11595
2017/12/5,11595
2017/12/6,13527
2017/12/7,16601
2017/12/8,15869
2017/12/9,14660
2017/12/10,14997
2017/12/11,16754
2017/12/12,16967
2017/12/13,16181
2017/12/14,16383
2017/12/15,17522
2017/12/16,19187
2017/12/17,18971
2017/12/18,18934
2017/12/19,17345
2017/12/20,16425
2017/12/21,15666.8
2017/12/22,13170
2017/12/23,14035
2017/12/24,13476
2017/12/25,13623
2017/12/26,15679
2017/12/27,15374
2017/12/28,14315
2017/12/29,14317
2017/12/30,12377
2017/12/31,13800
2018/1/1,13354
2018/1/2,14709.8
2018/1/3,15155
2018/1/4,15160
2018/1/5,16917
2018/1/6,17161
2018/1/7,16196
2018/1/8,14930
2018/1/9,14423
2018/1/10,14896
2018/1/11,13266
2018/1/12,13783
2018/1/13,14191
2018/1/14,13558
2018/1/15,13575
2018/1/16,11072
2018/1/17,11082
2018/1/18,11045
2018/1/19,11476
2018/1/20,12728
2018/1/21,11514
2018/1/22,10771
2018/1/23,10819
2018/1/24,11414
2018/1/25,11146
2018/1/26,11070
2018/1/27,11461
2018/1/28,11839
2018/1/29,11212
2018/1/30,10175
2018/1/31,10284
2018/2/1,9181.1
2018/2/2,8895.8
2018/2/3,9219.4
2018/2/4,8200
2018/2/5,6949.9
2018/2/6,7673.8
2018/2/7,7587
2018/2/8,8235.1
2018/2/9,8683.2
2018/2/10,8563.1
2018/2/11,8069
2018/2/12,8900.6
2018/2/13,8515.9
2018/2/14,9455.4
2018/2/15,9996.9
2018/2/16,10162
2018/2/17,11053.5
2018/2/18,10372
2018/2/19,11173
2018/2/20,11218
2018/2/21,10455
2018/2/22,9830
2018/2/23,10145
2018/2/24,9666.3
2018/2/25,9557.4
2018/2/26,10321
2018/2/27,10569
2018/2/28,10315
2018/3/1,10925
2018/3/2,11025
2018/3/3,11440
2018/3/4,11501
2018/3/5,11416
2018/3/6,10720
2018/3/7,9902.9
2018/3/8,9300
2018/3/9,9217
2018/3/10,8762
2018/3/11,9528
2018/3/12,9121
2018/3/13,9135
2018/3/14,8186.6
2018/3/15,8252.9
2018/3/16,8251
2018/3/17,7851
2018/3/18,8200.2
2018/3/19,8600.1
2018/3/20,8899.7
2018/3/21,8900.1
2018/3/22,8706.4
2018/3/23,8908
2018/3/24,8535
2018/3/25,8445.1
2018/3/26,8119.1
2018/3/27,7784.5
2018/3/28,7936.1
2018/3/29,7094
2018/3/30,6840.4
2018/3/31,6925.3
2018/4/1,6810
2018/4/2,7052.7
2018/4/3,7405.6
2018/4/4,6785.9
2018/4/5,6765
2018/4/6,6610.2
2018/4/7,6892.6
2018/4/8,7023.9
2018/4/9,6764.6
2018/4/10,6839.3
2018/4/11,6943.1
2018/4/12,7912
2018/4/13,7885.8
2018/4/14,8002.9
2018/4/15,8354.1
2018/4/16,8056.2
2018/4/17,7889.9
2018/4/18,8166.3
2018/4/19,8272.8
2018/4/20,8866.1
2018/4/21,8919.1
2018/4/22,8800
2018/4/23,8940
2018/4/24,9644.4
2018/4/25,8878.4
2018/4/26,9279.3
2018/4/27,8920.1
2018/4/28,9345.3
2018/4/29,9398.6
2018/4/30,9240
2018/5/1,9067
2018/5/2,9236.4
2018/5/3,9762.1
2018/5/4,9702.8
2018/5/5,9859.6
2018/5/6,9658.7
2018/5/7,9370
2018/5/8,9184.7
2018/5/9,9318.2
2018/5/10,9018.7
2018/5/11,8412.4
2018/5/12,8462.7
2018/5/13,8683.6
2018/5/14,8670.8
2018/5/15,8467.5
2018/5/16,8336.1
2018/5/17,8051.8
2018/5/18,8239
2018/5/19,8232.3
2018/5/20,8523.7
2018/5/21,8393.4
2018/5/22,7977.3
2018/5/23,7494.8
2018/5/24,7576.7
2018/5/25,7458
2018/5/26,7330.3
2018/5/27,7339.7
2018/5/28,7097.9
2018/5/29,7460
2018/5/30,7375.1
2018/5/31,7485.8
2018/6/1,7521
2018/6/2,7638.1
2018/6/3,7718
2018/6/4,7488.3
2018/6/5,7621.7
2018/6/6,7654
2018/6/7,7688.9
2018/6/8,7615.1
2018/6/9,7498.6
2018/6/10,6757.3
2018/6/11,6873.3
2018/6/12,6543.9
2018/6/13,6295.2
2018/6/14,6633.7
2018/6/15,6385
2018/6/16,6485.9
2018/6/17,6435.7
2018/6/18,6709.2
2018/6/19,6737.5
2018/6/20,6760.4
2018/6/21,6713.5
2018/6/22,6042.6
2018/6/23,6152
2018/6/24,6148
2018/6/25,6246.6
2018/6/26,6078.5
2018/6/27,6133.1
2018/6/28,5850
2018/6/29,6208.1
2018/6/30,6391.5
2018/7/1,6349.7
2018/7/2,6581.3
2018/7/3,6500
2018/7/4,6590
2018/7/5,6540.2
2018/7/6,6602.1
2018/7/7,6761.7
2018/7/8,6707
2018/7/9,6666.7
2018/7/10,6301.5
2018/7/11,6377.8
2018/7/12,6249
2018/7/13,6220
2018/7/14,6250.1
2018/7/15,6347.2
2018/7/16,6729.2
2018/7/17,7319.8
2018/7/18,7379.4
2018/7/19,7473.5
2018/7/20,7333.1
2018/7/21,7403.3
2018/7/22,7400.5
2018/7/23,7719.8
2018/7/24,8394.5
2018/7/25,8176
2018/7/26,7939
2018/7/27,8185.7
2018/7/28,8246.4
2018/7/29,8221
2018/7/30,8179.6
2018/7/31,7730.6
2018/8/1,7608.8
2018/8/2,7535.2
2018/8/3,7420
2018/8/4,7013.2
2018/8/5,7025.8
2018/8/6,6941.3
2018/8/7,6720.5
2018/8/8,6279.2
2018/8/9,6529.1
2018/8/10,6146.8
2018/8/11,6232.7
2018/8/12,6313.9
2018/8/13,6251.9
2018/8/14,6189
2018/8/15,6270.1
2018/8/16,6314
2018/8/17,6583.3
2018/8/18,6391.2
2018/8/19,6485.1
2018/8/20,6255.9
2018/8/21,6479.1
2018/8/22,6354.9
2018/8/23,6527.2
2018/8/24,6695.9
2018/8/25,6732.9
2018/8/26,6708.4
2018/8/27,6909.5
2018/8/28,7079.7
2018/8/29,7045.7
2018/8/30,6994.7
2018/8/31,7025.9
2018/9/1,7197.5
2018/9/2,7290.4
2018/9/3,7268
2018/9/4,7358.9
2018/9/5,6710.5
2018/9/6,6515.6
2018/9/7,6404.1
2018/9/8,6185
2018/9/9,6239.9
2018/9/10,6308
2018/9/11,6290.8
2018/9/12,6332
2018/9/13,6475.6
2018/9/14,6485
2018/9/15,6513.6
2018/9/16,6498.5
2018/9/17,6254.2
2018/9/18,6342.8
2018/9/19,6390.9
2018/9/20,6500.5
2018/9/21,6762.7
2018/9/22,6723
2018/9/23,6710
2018/9/24,6585
2018/9/25,6434.7
2018/9/26,6462.4
2018/9/27,6692.5
2018/9/28,6635.1
2018/9/29,6604.6
2018/9/30,6618.1
2018/10/1,6601.9
2018/10/2,6533.3
2018/10/3,6503.2
2018/10/4,6580.1
2018/10/5,6644.7
2018/10/6,6592
2018/10/7,6601
2018/10/8,6673.2
2018/10/9,6663
2018/10/10,6630.2
2018/10/11,6252
2018/10/12,6293.2
2018/10/13,6326.5
2018/10/14,6335.2
2018/10/15,6742
2018/10/16,6754.1
2018/10/17,6737.1
2018/10/18,6613
2018/10/19,6527.3
2018/10/20,6586.7
2018/10/21,6591.6
2018/10/22,6567.2
2018/10/23,6550
2018/10/24,6554.1
2018/10/25,6528.1
2018/10/26,6531.5
2018/10/27,6500.2
2018/10/28,6490.1
2018/10/29,6344
2018/10/30,6330.1
2018/10/31,6368.4
2018/11/1,6399.7
2018/11/2,6426.9
2018/11/3,6387.9
2018/11/4,6485.2
2018/11/5,6470.1
2018/11/6,6515.2
2018/11/7,6572.7
2018/11/8,6479.6
2018/11/9,6420.2
2018/11/10,6431.1
2018/11/11,6450
2018/11/12,6446.9
2018/11/13,6464.4
2018/11/14,5884.6
2018/11/15,5753.4
2018/11/16,5660.5
2018/11/17,5626.7
2018/11/18,5659.4
2018/11/19,4938.1
2018/11/20,4600.1
2018/11/21,4666.6
2018/11/22,4392.4
2018/11/23,4422.7
2018/11/24,3929.8
2018/11/25,4087.8
2018/11/26,3858
2018/11/27,3884.4
2018/11/28,4306.3
2018/11/29,4312.9
2018/11/30,4038.3
2018/12/1,4243
2018/12/2,4159.7
2018/12/3,3901.2
2018/12/4,3981.9
2018/12/5,3765.3
2018/12/6,3531.3
2018/12/7,3460
2018/12/8,3506
2018/12/9,3639.6
2018/12/10,3524.9
2018/12/11,3435.3
2018/12/12,3535.6
2018/12/13,3354.4
2018/12/14,3282.8
2018/12/15,3285.1
2018/12/16,3299.9
2018/12/17,3625.1
2018/12/18,3780.1
2018/12/19,3810
2018/12/20,4214.5
2018/12/21,3976.1
2018/12/22,4135
2018/12/23,4075.7
2018/12/24,4145.2
2018/12/25,3909.7
2018/12/26,3929.8
2018/12/27,3714.7
2018/12/28,4036.7
2018/12/29,3887
2018/12/30,3978.3
2018/12/31,3830.5
2019/1/1,3963
2019/1/2,4048.5
2019/1/3,3923.2
2019/1/4,3954.9
2019/1/5,3911
2019/1/6,4171.5
2019/1/7,4113.9
2019/1/8,4100
2019/1/9,4083.2
2019/1/10,3712.8
2019/1/11,3716.1
2019/1/12,3702
2019/1/13,3591
2019/1/14,3749.3
2019/1/15,3656.5
2019/1/16,3671.2
2019/1/17,3723
2019/1/18,3675.7
2019/1/19,3760
2019/1/20,3586.1
2019/1/21,3579.4
2019/1/22,3639.1
2019/1/23,3619.9
2019/1/24,3652.6
2019/1/25,3628.9
2019/1/26,3630.7
2019/1/27,3597.1
2019/1/28,3501.9
2019/1/29,3477.9
2019/1/30,3529.6
2019/1/31,3501.1
2019/2/1,3536.2
2019/2/2,3564.3
2019/2/3,3501.7
2019/2/4,3490.5
2019/2/5,3512.6
2019/2/6,3452
2019/2/7,3436.1
2019/2/8,3724
2019/2/9,3718.4
2019/2/10,3746.3
2019/2/11,3681.1
2019/2/12,3694.2
2019/2/13,3666.1
2019/2/14,3656.7
2019/2/15,3670
2019/2/16,3676.4
2019/2/17,3734.5
2019/2/18,3978.1
2019/2/19,3989.9
2019/2/20,4055
2019/2/21,4008.8
2019/2/22,4058.3
2019/2/23,4211.7
2019/2/24,3832
2019/2/25,3921.8
2019/2/26,3896.8
2019/2/27,3902.7
2019/2/28,3894
2019/3/1,3914
2019/3/2,3913
2019/3/3,3884.8
2019/3/4,3800
2019/3/5,3951.6
2019/3/6,3951.4
2019/3/7,3964.7
2019/3/8,3940.5
2019/3/9,4017.3
2019/3/10,4000
2019/3/11,3949
2019/3/12,3954.1
2019/3/13,3947.9
2019/3/14,3948.3
2019/3/15,4003.1
2019/3/16,4088
2019/3/17,4068.9
2019/3/18,4073.5
2019/3/19,4104.7
2019/3/20,4127.2
2019/3/21,4044.8
2019/3/22,4045.3
2019/3/23,4063.2
2019/3/24,4041.4
2019/3/25,3970
2019/3/26,3991.7
2019/3/27,4102.5
2019/3/28,4092.6
2019/3/29,4179
2019/3/30,4165.1
2019/3/31,4167.6
2019/4/1,4196.8
2019/4/2,4927.1
2019/4/3,4978
2019/4/4,4938.9
2019/4/5,5080.4
2019/4/6,5090.5
2019/4/7,5238.1
2019/4/8,5312.5
2019/4/9,5216.3
2019/4/10,5311.7
2019/4/11,5065.8
2019/4/12,5114
2019/4/13,5101.8
2019/4/14,5194.3
2019/4/15,5049.2
2019/4/16,5234.3
2019/4/17,5254.5
2019/4/18,5310.8
2019/4/19,5314
2019/4/20,5340
2019/4/21,5321.9
2019/4/22,5417.8
2019/4/23,5550.9
2019/4/24,5480.3
2019/4/25,5219
2019/4/26,5410.8
2019/4/27,5401.8
2019/4/28,5486.8
2019/4/29,5480.1
2019/4/30,5599.5
2019/5/1,5629.6
2019/5/2,5723.8
2019/5/3,6016
2019/5/4,6098.3
2019/5/5,6042
2019/5/6,6027.9
2019/5/7,6087.9
2019/5/8,6201
2019/5/9,6258.4
2019/5/10,6438.7
2019/5/11,7136.4
2019/5/12,6979.9
2019/5/13,7753.2
2019/5/14,7958.3
2019/5/15,8132.9
2019/5/16,7857
2019/5/17,7415.4
2019/5/18,7260
2019/5/19,8189.5
2019/5/20,7985
2019/5/21,7937
2019/5/22,7621.1
2019/5/23,7872.4
2019/5/24,7994.9
2019/5/25,8054.9
2019/5/26,8729.9
2019/5/27,8806
2019/5/28,8740.9
2019/5/29,8680.9
2019/5/30,8269.9
2019/5/31,8533.3
2019/6/1,8547
2019/6/2,8740
2019/6/3,8103.4
2019/6/4,7692.8
2019/6/5,7789.3
2019/6/6,7805.6
2019/6/7,7991.5
2019/6/8,7924.6
2019/6/9,7639.2
2019/6/10,8013.7
2019/6/11,7904.1
2019/6/12,8175.4
2019/6/13,8227.4
2019/6/14,8689.1
2019/6/15,8856
2019/6/16,8986
2019/6/17,9356
2019/6/18,9095.9
2019/6/19,9305.9
2019/6/20,9557.1
2019/6/21,10236
2019/6/22,10747.9
2019/6/23,10916
2019/6/24,11053
2019/6/25,11751
2019/6/26,12876
2019/6/27,11200
2019/6/28,12349
2019/6/29,11921
2019/6/30,10745
2019/7/1,10639
2019/7/2,10866
2019/7/3,11984
2019/7/4,11169
2019/7/5,10998
2019/7/6,11283
2019/7/7,11486
2019/7/8,12301
2019/7/9,12553
2019/7/10,12093
2019/7/11,11340
2019/7/12,11765
2019/7/13,11312
2019/7/14,10206.8
2019/7/15,10820
2019/7/16,9410
2019/7/17,9683.2
2019/7/18,10622
2019/7/19,10519
2019/7/20,10740
2019/7/21,10569.4
2019/7/22,10329
2019/7/23,9854.9
2019/7/24,9771
2019/7/25,9890.1
2019/7/26,9842.5
2019/7/27,9465.7
2019/7/28,9519
2019/7/29,9507
2019/7/30,9589
2019/7/31,10088
2019/8/1,10399
2019/8/2,10519
2019/8/3,10822
2019/8/4,10973
2019/8/5,11808
2019/8/6,11471.2
2019/8/7,11997
2019/8/8,12060
2019/8/9,11893
2019/8/10,11314
2019/8/11,11586
2019/8/12,11404
2019/8/13,10904
2019/8/14,10067
2019/8/15,10327
2019/8/16,10366
2019/8/17,10228
2019/8/18,10327
2019/8/19,10937
2019/8/20,10793
2019/8/21,10146
2019/8/22,10117
2019/8/23,10408
2019/8/24,10152
2019/8/25,10132
2019/8/26,10377
2019/8/27,10184
2019/8/28,9727.4
2019/8/29,9509
2019/8/30,9601
2019/8/31,9623.9
2019/9/1,9779.1
2019/9/2,10388
2019/9/3,10641
2019/9/4,10590
2019/9/5,10578.7
2019/9/6,10317
2019/9/7,10488
2019/9/8,10415
2019/9/9,10318
2019/9/10,10122
2019/9/11,10175
2019/9/12,10452
2019/9/13,10374
2019/9/14,10379
2019/9/15,10322
2019/9/16,10295
2019/9/17,10214.1
2019/9/18,10185
2019/9/19,10301
2019/9/20,10198
2019/9/21,10013
2019/9/22,10052
2019/9/23,9702.6
2019/9/24,8547.9
2019/9/25,8474.7
2019/9/26,8103.6
2019/9/27,8213.4
2019/9/28,8238.6
2019/9/29,8090
2019/9/30,8331.1
2019/10/1,8334.9
2019/10/2,8413.4
2019/10/3,8257.9
2019/10/4,8170
2019/10/5,8162.5
2019/10/6,7883.1
2019/10/7,8227
2019/10/8,8211.2
2019/10/9,8607.5
2019/10/10,8596
2019/10/11,8280
2019/10/12,8318.3
2019/10/13,8305.7
2019/10/14,8370
2019/10/15,8191.1
2019/10/16,8016
2019/10/17,8092.3
2019/10/18,7987.2
2019/10/19,7992.9
2019/10/20,8260.6
2019/10/21,8243.9
2019/10/22,8058.9
2019/10/23,7493.7
2019/10/24,7453
2019/10/25,8679.1
2019/10/26,9270.9
2019/10/27,9571.8
2019/10/28,9225.7
2019/10/29,9445.5
2019/10/30,9184.3
2019/10/31,9185.6
2019/11/1,9289.1
2019/11/2,9332.1
2019/11/3,9222.4
2019/11/4,9441.2
2019/11/5,9333.9
2019/11/6,9353
2019/11/7,9208
2019/11/8,8782.4
2019/11/9,8828
2019/11/10,9068.4
2019/11/11,8737.7
2019/11/12,8830
2019/11/13,8801.1
2019/11/14,8655.7
2019/11/15,8495.8
2019/11/16,8523.5
2019/11/17,8537.3
2019/11/18,8219.5
2019/11/19,8164.9
2019/11/20,8126.4
2019/11/21,7671.1
2019/11/22,7323
2019/11/23,7352.6
2019/11/24,6965.3
2019/11/25,7168
2019/11/26,7198.3
2019/11/27,7549.3
2019/11/28,7460.8
2019/11/29,7796.6
2019/11/30,7599.9
2019/12/1,7450.1
2019/12/2,7350.3
2019/12/3,7336
2019/12/4,7238.2
2019/12/5,7440
2019/12/6,7588.3
2019/12/7,7543.2
2019/12/8,7564.6
2019/12/9,7379.5
2019/12/10,7254.6
2019/12/11,7230.7
2019/12/12,7224
2019/12/13,7283.2
2019/12/14,7100.8
2019/12/15,7152.7
2019/12/16,6926.8
2019/12/17,6667.1
2019/12/18,7323.4
2019/12/19,7181.8
2019/12/20,7212.9
2019/12/21,7166.4
2019/12/22,7532
2019/12/23,7347.4
2019/12/24,7276.9
2019/12/25,7220.1
2019/12/26,7232.4
2019/12/27,7287
2019/12/28,7334.4
2019/12/29,7417.9
2019/12/30,7260.9
2019/12/31,7208.3
2020/1/1,7212.7
2020/1/2,6989.4
2020/1/3,7367.5
2020/1/4,7369.8
2020/1/5,7364.6
2020/1/6,7757.9
2020/1/7,8150
2020/1/8,8036.8
2020/1/9,7817.5
2020/1/10,8176.3
2020/1/11,8013.8
2020/1/12,8174.7
2020/1/13,8094.5
2020/1/14,8775.6
2020/1/15,8807.7
2020/1/16,8720.6
2020/1/17,8875.4
2020/1/18,8891.5
2020/1/19,8694
2020/1/20,8638.2
2020/1/21,8734.1
2020/1/22,8663.9
2020/1/23,8403.5
2020/1/24,8447.1
2020/1/25,8353.7
2020/1/26,8621.6
2020/1/27,8912
2020/1/28,9393.7
2020/1/29,9304.2
2020/1/30,9512.7
2020/1/31,9367.4
2020/2/1,9410.6
2020/2/2,9353.1
2020/2/3,9309.3
2020/2/4,9197.4
2020/2/5,9612
2020/2/6,9744.9
2020/2/7,9805.2
2020/2/8,9877.2
2020/2/9,10151
2020/2/10,9850.2
2020/2/11,10247
2020/2/12,10339
2020/2/13,10222
2020/2/14,10335
2020/2/15,9901
2020/2/16,9929.7
2020/2/17,9708
2020/2/18,10183
2020/2/19,9592.2
2020/2/20,9608.1
2020/2/21,9693.5
2020/2/22,9662.4
2020/2/23,9985
2020/2/24,9674.1
2020/2/25,9327.5
2020/2/26,8813.2
2020/2/27,8825.8
2020/2/28,8728
2020/2/29,8557.3
2020/3/1,8565.2
2020/3/2,8938.1
2020/3/3,8791.1
2020/3/4,8788.6
2020/3/5,9090.8
2020/3/6,9180.6
2020/3/7,8919
2020/3/8,8074
2020/3/9,7967.3
2020/3/10,7913.8
2020/3/11,7969.6
2020/3/12,4927
2020/3/13,5625.4
2020/3/14,5218.2
2020/3/15,5383.2
2020/3/16,5058.5
2020/3/17,5345.2
2020/3/18,5416.2
2020/3/19,6173.4
2020/3/20,6205.8
2020/3/21,6201.8
2020/3/22,5827
2020/3/23,6491.2
2020/3/24,6762
2020/3/25,6688.2
2020/3/26,6750.7
2020/3/27,6370
2020/3/28,6249.3
2020/3/29,5892.6
2020/3/30,6407.6
2020/3/31,6427.7
2020/4/1,6675
2020/4/2,6818.3
2020/4/3,6740.8
2020/4/4,6881.6
2020/4/5,6778
2020/4/6,7346
2020/4/7,7203
2020/4/8,7367
2020/4/9,7293.5
2020/4/10,6875.5
2020/4/11,6884.5
2020/4/12,6913
2020/4/13,6848.7
2020/4/14,6872.4
2020/4/15,6633.8
2020/4/16,7114.9
2020/4/17,7045.8
2020/4/18,7269.1
2020/4/19,7133.3
2020/4/20,6841.9
2020/4/21,6850
2020/4/22,7133
2020/4/23,7495.2
2020/4/24,7506.8
2020/4/25,7538.5
2020/4/26,7697.1
2020/4/27,7777.7
2020/4/28,7755.8
2020/4/29,8773.3
2020/4/30,8635.3
2020/5/1,8822.9
2020/5/2,8982.3
2020/5/3,8899.8
2020/5/4,8865.8
2020/5/5,9020.1
2020/5/6,9157.9
2020/5/7,9979.6
2020/5/8,9792.8
2020/5/9,9537.9
2020/5/10,8726
2020/5/11,8555
2020/5/12,8811.4
2020/5/13,9312
2020/5/14,9791
2020/5/15,9313.3
2020/5/16,9388
2020/5/17,9668.2
2020/5/18,9714.8
2020/5/19,9770.1
2020/5/20,9502
2020/5/21,9059.5
2020/5/22,9162.4
2020/5/23,9174.6
2020/5/24,8711.5
2020/5/25,8902
2020/5/26,8845.5
2020/5/27,9210.3
2020/5/28,9589.3
2020/5/29,9426.2
2020/5/30,9706.4
2020/5/31,9452.1
2020/6/1,10221
2020/6/2,9530
2020/6/3,9672
2020/6/4,9790.7
2020/6/5,9620.5
2020/6/6,9668.4
2020/6/7,9746.3
2020/6/8,9783.2
2020/6/9,9770.8
2020/6/10,9898.8
2020/6/11,9272.2
2020/6/12,9468.3
2020/6/13,9480.8
2020/6/14,9345.4
2020/6/15,9433.9
2020/6/16,9534.4
2020/6/17,9473.3
2020/6/18,9400
2020/6/19,9315.5
2020/6/20,9371.3
2020/6/21,9298.1
2020/6/22,9697.7
2020/6/23,9635.1
2020/6/24,9312.1
2020/6/25,9257
2020/6/26,9173.1
2020/6/27,9015.3
2020/6/28,9127.8
2020/6/29,9194.4
2020/6/30,9150.6
2020/7/1,9239.9
2020/7/2,9100
2020/7/3,9073.9
2020/7/4,9147.7
2020/7/5,9089.7
2020/7/6,9361
2020/7/7,9267.5
2020/7/8,9447
2020/7/9,9248.9
2020/7/10,9305.7
2020/7/11,9246.3
2020/7/12,9315.8
2020/7/13,9252
2020/7/14,9263.4
2020/7/15,9210.1
2020/7/16,9149.9
2020/7/17,9167.3
2020/7/18,9189.1
2020/7/19,9231.2
2020/7/20,9179.2
2020/7/21,9402
2020/7/22,9557.7
2020/7/23,9615
2020/7/24,9559.4
2020/7/25,9714.9
2020/7/26,9948.1
2020/7/27,11044
2020/7/28,10932
2020/7/29,11117
2020/7/30,11123
2020/7/31,11350
2020/8/1,11804.7
2020/8/2,11053.8
2020/8/3,11226.5
2020/8/4,11184
2020/8/5,11735.8
2020/8/6,11759
2020/8/7,11580
2020/8/8,11764
2020/8/9,11675.7
2020/8/10,11892
2020/8/11,11379.8
2020/8/12,11591
2020/8/13,11792.5
2020/8/14,11761
2020/8/15,11873.4
2020/8/16,11925
2020/8/17,12300
2020/8/18,11961.8
2020/8/19,11778
2020/8/20,11884
2020/8/21,11531
2020/8/22,11685
2020/8/23,11663
2020/8/24,11768
2020/8/25,11341
2020/8/26,11471
2020/8/27,11343
2020/8/28,11545
2020/8/29,11492
2020/8/30,11729.9
2020/8/31,11671
2020/9/1,11942
2020/9/2,11408
2020/9/3,10170
2020/9/4,10484.7
2020/9/5,10197
2020/9/6,10276
2020/9/7,10397
2020/9/8,10149.8
2020/9/9,10240
2020/9/10,10355
2020/9/11,10405
2020/9/12,10458
2020/9/13,10331
2020/9/14,10686
2020/9/15,10797
2020/9/16,10971.3
2020/9/17,10959
2020/9/18,10957.2
2020/9/19,11099
2020/9/20,10934.5
2020/9/21,10434
2020/9/22,10549
2020/9/23,10263
2020/9/24,10754
2020/9/25,10708
2020/9/26,10750
2020/9/27,10803
2020/9/28,10712
2020/9/29,10856
2020/9/30,10794
2020/10/1,10634
2020/10/2,10586
2020/10/3,10558.6
2020/10/4,10687
2020/10/5,10807
2020/10/6,10613.7
2020/10/7,10687
2020/10/8,10943
2020/10/9,11071
2020/10/10,11308
2020/10/11,11385
2020/10/12,11560
2020/10/13,11442
2020/10/14,11440
2020/10/15,11509
2020/10/16,11325
2020/10/17,11375
2020/10/18,11518
2020/10/19,11757
2020/10/20,11925
2020/10/21,12825
2020/10/22,12988
2020/10/23,12935
2020/10/24,13132
2020/10/25,13037
2020/10/26,13061
2020/10/27,13626.3
2020/10/28,13272
2020/10/29,13451
2020/10/30,13568
2020/10/31,13788
2020/11/1,13756
2020/11/2,13563
2020/11/3,14025
2020/11/4,14160
2020/11/5,15574
2020/11/6,15571.7
2020/11/7,14844.1
2020/11/8,15501
2020/11/9,15329
2020/11/10,15312
2020/11/11,15710
2020/11/12,16294
2020/11/13,16310
2020/11/14,16058.3
2020/11/15,15962.2
2020/11/16,16710
2020/11/17,17674.9
2020/11/18,17773
2020/11/19,17810
2020/11/20,18669
2020/11/21,18660
2020/11/22,18399
2020/11/23,18373
2020/11/24,19134.8
2020/11/25,18730
2020/11/26,17219
2020/11/27,17169.3
2020/11/28,17746
2020/11/29,18196
2020/11/30,19686
2020/12/1,18807
2020/12/2,19241
2020/12/3,19447
2020/12/4,18657
2020/12/5,19157
2020/12/6,19410
2020/12/7,19196
2020/12/8,18335
2020/12/9,18560
2020/12/10,18260
2020/12/11,18050
2020/12/12,18810.6
2020/12/13,19180
2020/12/14,19281
2020/12/15,19459
2020/12/16,21322
2020/12/17,22806.6
2020/12/18,23127
2020/12/19,23804
2020/12/20,23427
2020/12/21,22701
2020/12/22,23805
2020/12/23,23234
2020/12/24,23735
2020/12/25,24717
2020/12/26,26412
2020/12/27,26241
2020/12/28,27058
2020/12/29,27315
2020/12/30,28880
2020/12/31,28933
2021/1/1,29346
2021/1/2,32185
2021/1/3,32971
2021/1/4,32020
2021/1/5,33996
2021/1/6,36755
2021/1/7,39407
2021/1/8,40509
2021/1/9,40171
2021/1/10,38226
2021/1/11,35476
2021/1/12,34103
2021/1/13,37375
2021/1/14,39170
2021/1/15,36741
2021/1/16,36055
2021/1/17,35903
2021/1/18,36699
2021/1/19,35958
2021/1/20,35521.1
2021/1/21,30873
2021/1/22,33062
2021/1/23,32099
2021/1/24,32298
2021/1/25,32268.1
2021/1/26,32519
2021/1/27,30454
2021/1/28,33331
2021/1/29,34280.7
2021/1/30,34334
2021/1/31,33141
2021/2/1,33559
2021/2/2,35563
2021/2/3,37677
2021/2/4,36975
2021/2/5,38260
2021/2/6,39257
2021/2/7,38841
2021/2/8,46440
2021/2/9,46486
2021/2/10,44835
2021/2/11,47966
2021/2/12,47389
2021/2/13,47177
2021/2/14,48587
2021/2/15,47941
2021/2/16,49225
2021/2/17,52060
2021/2/18,51566
2021/2/19,55847
2021/2/20,55838
2021/2/21,57376
2021/2/22,54078
2021/2/23,48888
2021/2/24,49715
2021/2/25,47144
2021/2/26,46319
2021/2/27,46217
2021/2/28,45300
2021/3/1,49572
2021/3/2,48526
2021/3/3,50425
2021/3/4,48368
2021/3/5,48811
2021/3/6,48895
2021/3/7,51031.2
2021/3/8,52395
2021/3/9,54949.4
2021/3/10,55955.2
2021/3/11,57869
2021/3/12,57315
2021/3/13,61207
2021/3/14,59005
2021/3/15,55644
2021/3/16,56924
2021/3/17,58870
2021/3/18,57640
2021/3/19,58074
2021/3/20,58087
2021/3/21,57368
2021/3/22,54074
2021/3/23,54331
2021/3/24,52347.2
2021/3/25,51363
2021/3/26,54992.9
2021/3/27,55886
2021/3/28,55773
2021/3/29,57672.3
2021/3/30,58841
2021/3/31,58796
2021/4/1,58727.4
2021/4/2,58959
2021/4/3,57023
2021/4/4,58240
2021/4/5,59145
2021/4/6,57991
2021/4/7,55960
2021/4/8,58110
2021/4/9,58114
2021/4/10,59823.8
2021/4/11,60034.8
2021/4/12,59900
2021/4/13,63518
2021/4/14,62942.7
2021/4/15,63196
2021/4/16,61325
2021/4/17,59970
2021/4/18,56163
2021/4/19,55639
2021/4/20,56476
2021/4/21,53822
2021/4/22,51781.3
2021/4/23,51139
2021/4/24,50167
2021/4/25,49116.3
2021/4/26,54103
2021/4/27,55044
2021/4/28,54860
2021/4/29,53566
2021/4/30,57637
2021/5/1,57774
2021/5/2,56605
2021/5/3,57147
2021/5/4,53264
2021/5/5,57477
2021/5/6,56451
2021/5/7,57349
2021/5/8,58894
2021/5/9,58276
2021/5/10,55851
2021/5/11,56715
2021/5/12,49725
2021/5/13,49747
2021/5/14,49917
2021/5/15,46784.9
2021/5/16,46582.9
2021/5/17,43544
2021/5/18,42935
2021/5/19,36755
2021/5/20,40578
2021/5/21,37415
2021/5/22,37585
2021/5/23,34730.3
2021/5/24,38772.9
2021/5/25,38363
2021/5/26,39301
2021/5/27,38435
2021/5/28,35667
2021/5/29,34570
2021/5/30,35615
2021/5/31,37305
2021/6/1,36672.6
2021/6/2,37590
2021/6/3,39209
2021/6/4,36854
2021/6/5,35543
2021/6/6,35782
2021/6/7,33596
2021/6/8,33415
2021/6/9,37347
2021/6/10,36649.2
2021/6/11,37338
2021/6/12,35531
2021/6/13,39004
2021/6/14,40500
2021/6/15,40139
2021/6/16,38332
2021/6/17,38061
2021/6/18,35802
2021/6/19,35585.8
2021/6/20,35631
2021/6/21,31761
2021/6/22,32553
2021/6/23,33703
2021/6/24,34656.6
2021/6/25,31584
2021/6/26,32359
2021/6/27,34717
2021/6/28,34484
2021/6/29,35895.9
2021/6/30,35043.5
2021/7/1,33554.4
2021/7/2,33816
2021/7/3,34758
2021/7/4,35289
2021/7/5,33668
2021/7/6,34140
2021/7/7,33886
2021/7/8,32873.9
2021/7/9,33769
2021/7/10,33506
2021/7/11,34239
2021/7/12,33090
2021/7/13,32727
2021/7/14,32822.6
2021/7/15,31857
2021/7/16,31429
2021/7/17,31559
2021/7/18,31824
2021/7/19,30847
2021/7/20,29806.1
2021/7/21,32141
2021/7/22,32320
2021/7/23,33597.1
2021/7/24,33845
2021/7/25,35407
2021/7/26,37296
2021/7/27,39563
2021/7/28,40004
2021/7/29,40041
2021/7/30,42169
2021/7/31,41409
2021/8/1,39922
2021/8/2,39156
2021/8/3,38207
2021/8/4,39754
2021/8/5,40887
2021/8/6,42830
2021/8/7,44589
2021/8/8,43770
2021/8/9,46293
2021/8/10,45612
2021/8/11,45546
2021/8/12,44423
2021/8/13,47842
2021/8/14,47084
2021/8/15,47031
2021/8/16,45940
2021/8/17,44698
2021/8/18,44744
2021/8/19,46765
2021/8/20,49332
2021/8/21,48868
2021/8/22,49264
2021/8/23,49539
2021/8/24,47714
2021/8/25,48989
2021/8/26,46832
2021/8/27,49076.1
2021/8/28,48914
2021/8/29,48800
2021/8/30,47008
2021/8/31,47157
2021/9/1,48844
2021/9/2,49291
2021/9/3,50000
2021/9/4,49899
2021/9/5,51762
2021/9/6,52676
2021/9/7,46778
2021/9/8,46088
2021/9/9,46389
2021/9/10,44852
2021/9/11,45169
2021/9/12,46069
2021/9/13,44960
2021/9/14,47078
2021/9/15,48136
2021/9/16,47786
2021/9/17,47292
2021/9/18,48309
2021/9/19,47239
2021/9/20,43002
2021/9/21,40664
2021/9/22,43582.6
2021/9/23,44882
2021/9/24,42878
2021/9/25,42711
2021/9/26,43180
2021/9/27,42191
2021/9/28,41064
2021/9/29,41551
2021/9/30,43830
2021/10/1,48157
2021/10/2,47675
2021/10/3,48243
2021/10/4,49252
2021/10/5,51508
2021/10/6,55331
2021/10/7,53793
2021/10/8,53925
2021/10/9,54978
2021/10/10,54701
2021/10/11,57468
2021/10/12,55967
2021/10/13,57381
2021/10/14,57354
2021/10/15,61709
2021/10/16,60867.5
2021/10/17,61511
2021/10/18,62034
2021/10/19,64237
2021/10/20,65988
2021/10/21,62200
2021/10/22,60708
2021/10/23,61302
2021/10/24,60847
2021/10/25,63100
2021/10/26,60290
2021/10/27,58453
2021/10/28,60598
2021/10/29,62235
2021/10/30,61838.8
2021/10/31,61330
2021/11/1,60927
2021/11/2,63249
2021/11/3,62904
2021/11/4,61422.8
2021/11/5,61016.4
2021/11/6,61496
2021/11/7,63259.1
2021/11/8,67526
2021/11/9,66935
2021/11/10,64954
2021/11/11,64801
2021/11/12,64156
2021/11/13,64406
2021/11/14,65471
2021/11/15,63562
2021/11/16,60124
2021/11/17,60386.1
2021/11/18,57014
2021/11/19,58130
2021/11/20,59739
2021/11/21,58790
2021/11/22,56299
2021/11/23,57602
2021/11/24,57209
2021/11/25,58995
2021/11/26,53738
2021/11/27,54836
2021/11/28,57325
2021/11/29,57845
2021/11/30,56938
2021/12/1,57250
2021/12/2,56517
2021/12/3,53709
2021/12/4,49272
2021/12/5,49469
2021/12/6,50566.6
2021/12/7,50634
2021/12/8,50503.4
2021/12/9,47611
2021/12/10,47170
2021/12/11,49363.1
2021/12/12,50123
2021/12/13,46777
2021/12/14,48408
2021/12/15,48901
2021/12/16,47675
2021/12/17,46193
2021/12/18,46879
2021/12/19,46716.5
2021/12/20,46898
2021/12/21,48923
2021/12/22,48626
2021/12/23,50812
2021/12/24,50815
2021/12/25,50437
2021/12/26,50797
2021/12/27,50684
2021/12/28,47554
2021/12/29,46465
2021/12/30,47156
2021/12/31,46218
2022/1/1,47755
2022/1/2,47314
2022/1/3,46445
2022/1/4,45830
2022/1/5,43418
2022/1/6,43111
2022/1/7,41518
2022/1/8,41679
2022/1/9,41850
2022/1/10,41839
2022/1/11,42743
2022/1/12,43909
2022/1/13,42562
2022/1/14,43091
2022/1/15,43069
2022/1/16,43084
2022/1/17,42242
2022/1/18,42390
2022/1/19,41676
2022/1/20,40740
2022/1/21,36501
2022/1/22,35103
2022/1/23,36308
2022/1/24,36702
2022/1/25,36994
2022/1/26,36830.8
2022/1/27,37217
2022/1/28,37759.8
2022/1/29,38197
2022/1/30,37939
2022/1/31,38526
2022/2/1,38733
2022/2/2,36925
2022/2/3,37331
2022/2/4,41562.7
2022/2/5,41454
2022/2/6,42423
2022/2/7,43865
2022/2/8,44060.5
2022/2/9,44432
2022/2/10,43545
2022/2/11,42418
2022/2/12,42239.1
2022/2/13,42091
2022/2/14,42559.9
2022/2/15,44559.9
2022/2/16,43885
2022/2/17,40556
2022/2/18,40037
2022/2/19,40141
2022/2/20,38420
2022/2/21,37054
2022/2/22,38299
2022/2/23,37292
2022/2/24,38380
2022/2/25,39243
2022/2/26,39125
2022/2/27,37734
2022/2/28,43202
2022/3/1,44442
2022/3/2,43952
2022/3/3,42490
2022/3/4,39171
2022/3/5,39408
2022/3/6,38437
2022/3/7,38039
2022/3/8,38757
2022/3/9,41962.3
2022/3/10,39458.5
2022/3/11,38737
2022/3/12,38816.3
2022/3/13,37777.1
2022/3/14,39717
2022/3/15,39317
2022/3/16,41148
2022/3/17,40942.6
2022/3/18,41774
2022/3/19,42214
2022/3/20,41249
2022/3/21,41031
2022/3/22,42370
2022/3/23,42882
2022/3/24,44003
2022/3/25,44337
2022/3/26,44536.4
2022/3/27,46836
2022/3/28,47105
2022/3/29,47424
2022/3/30,47035
2022/3/31,45535
2022/4/1,46301
2022/4/2,45825
2022/4/3,46383
2022/4/4,46611.1
2022/4/5,45481
2022/4/6,43199
2022/4/7,43458
2022/4/8,42277
2022/4/9,42780
2022/4/10,42181
2022/4/11,39565
2022/4/12,40087
2022/4/13,41155
2022/4/14,39948
2022/4/15,40587
2022/4/16,40408.7
2022/4/17,39707.6
2022/4/18,40821
2022/4/19,41516.8
2022/4/20,41366.4
2022/4/21,40502
2022/4/22,39724
2022/4/23,39446.7
2022/4/24,39763
